mt_id	field	find	replace	note
6	text	after a stay, it become important	after a stay, it becomes important	grammar
10	text	their tresured gear	their treasured gear	spelling
10	text	was confescated and the were	was confiscated and they were	spelling; the→they
10	text	sent to Gotmo	sent to Gitmo	spelling
18	text	does not required awareness	does not require awareness	grammar
21	text	responding the the environment	responding to the environment	the the→to the
27	text	support from a an assortment	support from an assortment	doubled article
27	text	some of the worse in many	some of the worst in many	worse→worst
33	text	These defilement were legendary	These defilements were legendary	agreement
40	text	a Yeungling or even	a Yuengling or even	spelling (brand)
45	text	caught the elleged tail	caught the alleged tail	spelling
45	text	a traveler and its well after midnight	a traveler and it’s well after midnight	its→it’s
46	text	even though its been about	even though it’s been about	its→it’s
48	text	natural occurances of	natural occurrences of	spelling
58	text	Such beaurocrats	Such bureaucrats	spelling
58	text	created and adheared to	created and adhered to	spelling
76	text	been to confusing to meet	been too confusing to meet	to→too
90	text	if you breech my perimeter	if you breach my perimeter	breech→breach
109	text	and suprisingly bright	and surprisingly bright	spelling
110	text	It has occured to me	It has occurred to me	spelling
115	text	offers restoritive powers	offers restorative powers	spelling
115	text	Indy has to chose the true cup	Indy has to choose the true cup	chose→choose
116	text	any semblence of	any semblance of	spelling
116	text	Whats more, docs	What’s more, docs	apostrophe
117	text	There’s nothing there there.  Its your mind	There’s nothing there there.  It’s your mind	its→it’s
118	text	“Its a panic attack,”	“It’s a panic attack,”	its→it’s
121	text	someone prefeces their	someone prefaces their	spelling
123	text	not to stuggle after	not to struggle after	spelling
124	text	obligation and responsibily pins	obligation and responsibility pins	spelling
124	text	and not their’s.	and not theirs.	theirs
127	text	Latinas, and Carribean Islanders	Latinas, and Caribbean Islanders	spelling
128	text	play it out as your being human	play it out as you’re being human	your→you’re
130	text	potentially undermind national	potentially undermine national	spelling
131	text	our consciounce always	our conscience always	spelling
135	text	If its not your plan	If it’s not your plan	its→it’s
136	text	issue of domestistic surveillance	issue of domestic surveillance	spelling
137	text	official seeths with	official seethes with	spelling
137	text	insecurity. Its why a wife	insecurity. It’s why a wife	its→it’s
137	text	these days, its usually over	these days, it’s usually over	its→it’s
146	text	and respoding to online	and responding to online	spelling
146	text	can ring of inrigue	can ring of intrigue	spelling
146	text	my work does sounds intriguing	my work does sound intriguing	grammar
151	text	immigrant, expatriot, and tourist	immigrant, expatriate, and tourist	spelling
153	text	a few times a week, its just good fun	a few times a week, it’s just good fun	its→it’s
166	text	alone, too feel safer	alone, to feel safer	too→to
169	text	all of a sudden, your a weak	all of a sudden, you’re a weak	your→you’re
169	text	And there are are some	And there are some	doubled word
190	text	it’s a bonafide, logical	it’s a bona fide, logical	spelling
190	text	Ambrosias to Winsaps	Ambrosias to Winesaps	spelling
192	text	become the defacto version	become the de facto version	spelling
196	text	really hate hypocricy	really hate hypocrisy	spelling
196	text	without cessassion	without cessation	spelling
196	text	arms of Innoquous Hitler	arms of Innocuous Hitler	spelling
196	text	he doesn’t believed in anything	he doesn’t believe in anything	grammar
202	text	when in he middle of City Center	when in the middle of City Center	he→the
221	text	be the worse kind of paternalism	be the worst kind of paternalism	worse→worst
225	text	suffer, moreso when	suffer, more so when	spelling
240	text	Any mention it defunding police	Any mention of defunding police	it→of
247	text	This strick concept	This strict concept	spelling
247	text	YOU get to chose.	YOU get to choose.	chose→choose
247	text	The Laws passes after 9/11	The Laws passed after 9/11	passes→passed
251	text	Warkawks for days	Warhawks for days	spelling
259	text	no crucifications	no crucifixions	spelling
265	text	WThought experiment:	Thought experiment:	typo
265	title	auAhoritarianism for public safety	Authoritarianism for public safety	typo in title
267	text	“purebood”	“pureblood”	spelling
297	text	classic distopian schtick	classic dystopian schtick	spelling
304	title	Tthe slave would rise in rebellion	The slave would rise in rebellion	typo in title
312	text	who gets to choose who’s voice is worthy of amplifying and who’s voice is worth	who gets to choose whose voice is worthy of amplifying and whose voice is worth	who’s→whose
