mt_id	title_starts	seo_title	seo_description
1	I Was Merely	In Washington there is no such thing as a civilian	The opening entry: in Washington everyone is part of some greater plan, and after fourteen years the narrator realizes he has been a dupe and a fool.
2	Inside the	Working eleven years in Washington’s private sector	The narrator introduces himself: eleven years in private sector Washington, never in government or the military, cleared only to contract for Treasury.
3	According	Why nobody chooses to be part of the plan in Washington	A short meditation on the plan: you are part of it whether you consent or not, only those who need to know are told, and much money goes to keeping it so.
4	Adult Concerns	A security state built to keep the public from panic	Someone in the world of intrigue tells the narrator that most military money exists to keep citizens calm, the way parents shield children from adult fears.
5	Privy to	Beginning to see the threads that make up the fabric	The narrator becomes privy to the patterns, sees the threads of the fabric, and realizes his father was scared too, all part of a drunken pub crawl.
6	Drunken	Washington as one long drunken pub crawl from bar to bar	The narrator explains a pub crawl, a night of moving from bar to bar that grows harder as everyone gets drunk, setting up a metaphor for life in Washington.
7	Crawling	Keeping a drunken pub crawl together until the last bar	Late in a pub crawl, the only way forward is keeping every crawler together and moving, since one missing person could break the whole night apart.
8	The Blimp	The white security blimp floating over Washington, DC	A short entry about the new white security blimp floating over the Beltway; nobody quite knows what it does, only that it is for our security.
9	Bike Messenger	A bike messenger racing packages across Washington, DC	In college the narrator worked as a bike messenger for WEx, hustling legal and government packages across DC as the fax machine killed the trade.
10	Washington Summers	Couriers, Senate guards and searches in old Washington	As a college student and courier, the narrator recalls how guards pulled knives and pipes from couriers’ bags, then simply let them make their delivery.
11	Security Eats	How building security changed bike courier work in DC	The narrator wonders how much time modern security takes from couriers, now that even office buildings control entry and walking in at will is past.
12	Insidious	Who in your own circle is quietly watching and reporting?	A short entry in which the narrator wonders how intimate the security model is, and how close he is to someone keeping their eyes open on him.
13	Buddy in	How spies are trained to work a crowd without being noticed	A friend in the business describes his training: blending in, working a crowd, checking for unfriendlies and listening in without raising suspicion.
14	False	A maddening year spent wondering if the patterns are real	The narrator says the last year has been maddening, sure he has become part of something larger yet always worried about the false positives.
15	In Washington Nobody	In Washington nobody is truly private sector, cleared or not	The narrator argues that the fully awake in Washington hold clearances, comparing it to submarine work where each worker sees only his own small part.
16	Spies are Everywhere	Why submarine factory workers never knew what they built	Workers at a Connecticut submarine plant built parts blind, a maze of secrecy meant to protect them from becoming traitors, unwitting or otherwise.
17	Emergent	Emergent systems: is a human being a hive of cells?	A short essay on emergent systems and the idea that every organism is a suit of armor for its genes, built by a hit or miss process to survive.
18	We Have	Have humans outsourced evolution to culture and technology?	Some believe humans now evolve as a culture rather than a species, linked by technology, a system that needs its members present but not awake.
19	Bee Hives	How bee hives and ant colonies work without anyone in charge	A look at emergent systems: no queen gives orders, no member knows the plan, and each ant or bee reacts only to simple local signals around it.
20	Hives Cannot	Why a culture can be steered but never commanded outright	Like bee hives and ant colonies, whole cultures can be redirected, manipulated and shaped over time, but they cannot simply be ordered to obey.
21	Washington was	Who plans your day? Washington and the scripted life	The narrator notes that most of us respond to our surroundings without a script, while actors and some in Washington have their days mapped out for them.
22	Washington is	Washington is rife with intrigue, and you are in the play	One day the narrator realizes how planned Washington has become, and that like it or not he is part of its intrigue, a little Passion play of its own.
23	Gaunt and	A friend flies in from Berlin looking gaunt and exhausted	W arrives at Dulles from Berlin, looking gaunt and exhausted, and the first thing he does at the narrator’s apartment is ask to take a shower.
24	All Bezel	A friend’s stainless dive watch that hides something inside	While his friend W showers, the narrator handles W’s heavy dive watch and pulls the crown out on a hidden black filament, just as the bathroom door opens.
25	In One Deft	A friend reclaims his watch without a single glance	Back from the shower, W fastens his dive watch in one smooth motion and screws down the crown without ever once meeting the narrator’s eyes.
26	Shower Gel	Small doubts about a houseguest and the shampoo he used	While W showers, the narrator worries over whether he left shampoo and shower gel for his guest, and whether the steam smells of soap he provided.
27	I Was a Haole	A white kid starting Catholic school in Hawaii in 7th grade	The narrator leaves public school for an all boys Catholic school in Hawaii, where he first sees army uniforms all over campus every Thursday.
28	Junior Reserve	Choosing to join JROTC at a Catholic school in Hawaii	In 9th grade the narrator faces three choices, band geek, jock or cadet, and joins the Junior Reserve Officer Training Corps at his Catholic school.
29	Class A	Thursday parade drill and a rifle range at a Hawaii school	Why JROTC cadets wore Class A uniforms on Thursdays: parade drill on the football field, wooden rifles, polished brass, and their own firing range.
30	Being a Young	Becoming a JROTC cadet: berets, boots and ranks in Hawaii	The narrator settles into JROTC at a Catholic boys school in Hawaii and notices the cadets who dress differently on Thursdays, in shined boots and berets.
31	I Want to	A JROTC Ranger in jump boots and a beret at a Hawaii school	The narrator remembers Charlie, an older cadet who wore jump boots and a black beret on Thursdays and made the young cadets want to be Rangers.
32	Exit	Leaving the school rifle team to join the Rangers club	A one sentence entry: the narrator quickly leaves the JROTC rifle team and joins the Rangers, the secret club at the heart of his school years.
33	A Code	A secret society inside a high school JROTC program	Teenage cadets in a Hawaii JROTC program form the Rangers, a secret club bound by a code of silence that protects a secret able to end the whole program.
34	Us Cadets	A teenage secret the cadets could only share with each other	The teenage cadets kept their secret out of fear and because no one else would ever believe them, and the intensity bound them only to one another.
35	A Fresh	Teenage cadets hired out as OPFOR soldiers in war games	On alternate weekends the narrator’s teenage JROTC unit was hired by the National Guard and Army Reserve to play the enemy in war games, with real weapons.
36	Spetsnaz	A Cold War cover story told to teenage JROTC cadets	The teen cadets were told they were secretly trained like Soviet Spetsnaz, a cover story built on the idea that operatives are raised from the cradle.
37	Hazing	A JROTC legend: a cadet left tied to a tree in the woods	The narrator recalls a Ranger story passed down to new cadets: a boy captured in an ambush and left lashed to a tree in his underwear, riot cuffs and all.
38	A Bite	Drinking alone at a neighborhood bar to escape the strange	The narrator heads to Zack’s for a burger and too many beers, drinking to get out of the apartment and out of his own head as life starts to feel too weird.
39	Zack	A small dark neighborhood bar after a day of copying files	After pulling documents onto a USB drive on his keychain, the narrator drops by Zack’s, a small dark bar, for pool, a burger and bottles of Bud.
40	Situational	A situational drinker: what he drinks depends on the place	The narrator explains that his drinks change with the place: Bud, Camels and pool at Zack’s, imports elsewhere, and always the local beer abroad.
41	The Chameleon	The chameleon who still gives himself away in small things	For anyone paying attention, the narrator says, he still has the chameleon about him, and small things can tip people off in unfortunate ways.
42	Ceding My	Why letting others order for you is a form of strength	The narrator explains why he lets others choose the food, a habit from years of travel that gives him a more authentic experience of every place.
43	A Spidey	A spidey sense: intuition that kept a traveler safe abroad	The narrator describes an almost physical sixth sense for danger and intent, a sensitivity that kept him safe traveling the world alone as a photographer.
44	Fucking	Growing up haole: fighting as a white kid in Hawaii schools	The narrator grew up as a haole, a white minority, in Hawaii schools with an unofficial kill haole day, and learned to fight and to be acknowledged.
45	City Rules	Street safety in the city: hands, posture and eye contact	A big man explains his rules for walking unfamiliar streets at night: hands in pockets, walking with purpose or insouciance, and always making eye contact.
46	Fire Can	Trained long ago to sense a tail and hide it behind a smile	Twenty years after his training, the narrator still believes he can smell a tail or bad intent, and hide that awareness behind a mild, sweet exterior.
47	Photographers	How a camera gives you permission to look deeply at people	W tells the narrator that because he looks so hard, he should stay a photographer, since photographers are allowed to look deeply and are forgiven.
48	Emerson	A photographer as Emerson’s invisible eye on the world	As an only child and a photographer’s son, the narrator saw himself as an observer who never changes what he watches, like a scientist or anthropologist.
49	Some Really	Seeing the world without a camera and feeling exposed	Without a camera between him and the world, the narrator feels conspicuous and vulnerable, and fears he has been an unwitting part of something nasty.
50	An Easy	An easy mark: nobody has died and nobody tried to kill me	A very short entry in which the narrator takes stock of his situation, grateful that no one has died or tried to kill him, since he would be an easy mark.
51	Buy All	Dressing preppy in DC while running a countercultural site	The narrator dresses as normally as possible in Washington while secretly hosting and editing one of the most countercultural websites on the Internet.
52	Influencing	Running a website after 9/11 and the madness it let in	The narrator admits he cannot avoid influencing what he watches; after 9/11 the submissions to his open website grew so mad he can barely believe them.
53	There is No	Memes, culture and the cost of influencing what people think	The narrator talks about memetics: culture is easily influenced and corrupted, and unlike law, popular culture has few checks for its errors.
54	Crack	Clinging to habits that hurt, like a lab rat at the chute	The narrator sees himself returning again and again to painful, addictive behavior, like a lab rat drawn back to a vending chute that shocks it.
55	No Longer	Reliability beats cleverness: the ant and the grasshopper	The narrator is no longer amused by clever; smarts and reliability earn the rewards, as the hard working ant ends up storing the grasshopper for winter.
56	Ants Don	Why ants and big families outlive their individual members	The narrator compares an ant colony, which lives for decades while each ant dies quickly, to the large blood family that outlasts any one of its members.
57	Doctor	Why big families gain power by covering every profession	The narrator sees why big families matter: with members as doctor, lawyer, CEO, priest and banker, a family becomes a self contained power bound by blood.
58	Fancying	Life as abstract art: what is real once you look closely	After thinking himself clever, the narrator wants to accept things as they seem, comparing what he has seen behind the curtain to abstract expressionism.
59	Myself, My	Buying what you’re sold: wife, children and a quiet life	The narrator decides to buy what he is being sold, a contained life with a wife and future children, and leave the social experiments to others.
60	Sour Grapes	Wishing he had bought into a quiet, protected life earlier	The narrator admits some bitterness: he wishes he were less clever and had bought into the protected, ordinary life years earlier, babies and all.
61	To Quell	What intelligence work is really for: preventing panic	The narrator wants to forget that intelligence work exists to quell unrest and prevent panic, and that the parents, the government, are scared too.
62	Nobody Gives	A warning to stay asleep before life becomes an allegory	Looking back with 20/10 hindsight, the narrator warns readers to stay asleep: once you push on the other, it pushes back, and he conned his way in too far.
63	Quite	An old friend whose watercolors cover the narrator’s walls	A two line entry about L, a friend of more than five years whose watercolors hang all over the narrator’s apartment, and who is quite talented.
64	Dosed on	The night on acid when a friend hinted at his secret life	On the National Mall, at the strange start of an acid trip, the narrator’s friend W lets him in on a secret he would not understand for nearly ten years.
65	All the Shapes	Why staring at strangers looks suspicious without a camera	W explains why looking hard at people is threatening unless you carry a camera, notebook or sketch pad, the props that give a watcher permission to look.
66	People Recognize	Pattern recognition: why a man alone on a bench looks odd	On a cold bench W explains that sitting alone without a newspaper looks threatening, because people recognize patterns and notice anything off.
67	Pervert or	Why a man watching a playground alone seems like a threat	W explains that a grown man watching children at a park without a child of his own reads as a pervert or kidnapper, to parents and police alike.
68	Hiding in Plain Sight	Hiding in plain sight: dress and act like everyone else	W tells the narrator that blending in is more than clothes; it is about choices that never set off an alarm, because the best hiding place is plain sight.
69	Exactly the	Everything is exactly the opposite of how it looks	A lesson the narrator lost and found again: everything is hidden in plain sight, and the real power in an organization often sits at the bottom of the chart.
70	The Lovers	How many partners his partners have had, and what they count	The narrator reflects on discovering that most women he dated had more partners than he expected, and that some encounters were never counted at all.
71	Change Isn	Friends urge therapy as the narrator feels himself change	Friends suggest a therapist and his mother asks about his old medication; the narrator admits he has not been himself lately and is changing fast.
72	It Takes a	Huxley’s reducing valve: why successful people filter more	Drawing on Aldous Huxley’s Doors of Perception, the narrator argues the brain is a reducing valve and the most successful people filter the most.
73	I Do My	Training the brain to filter out what it notices too well	The narrator wants to strengthen his mind’s filter against the static he notices, a talent for patterns that began as curiosity and became a burden.
74	Bumbling	Wanting to bumble around like a regular, unwatched man	A very short entry about the narrator’s longing to stop noticing patterns and simply bumble through life like an ordinary person in the sentient world.
75	Swirling	The mind as a filter and projector of the world we see	The narrator believes the world we sense is illusory: we see swirling balls of energy and light, and our minds project familiar patterns onto them.
76	ID and	A soldier home from Iraq who must travel under another name	A friend returning from Iraq could not visit friends in Europe because his military ID and passport carried a different name and a full cover story.
77	False Name	Living under a false name: operators who can’t see friends	Men on covert work carry fully legal papers in another name; a friend explains why he couldn’t visit a friend in Brussels while he was traveling as J.
78	Only Your	Lonely spies drinking in an Alexandria basement dive bar	In a basement bar off King Street, a friend explains that intelligence people drink there, lonely and full of secrets: nobody knows your successes.
79	Full of	The lonely lives of people who keep the nation’s secrets	Intelligence men and women, full of pride and hunger, carry vows of secrecy and the world on their shoulders, as lonely as the narrator but with better stories.
80	Catch	Why elite operators can’t ask for help with stress or PTSD	A friend explains the catch: elite operators who seek therapy for stress or depression are labeled broken, so they keep their hurt to themselves.
81	Memory of	Lap dances at roadside strip bars and the simulacrum of sex	The narrator visits roadside strip bars full of truckers and salesmen and realizes a lap dance sells a simulacrum of sex, a memory of a better woman.
82	The Suggestion	When the idea of a thing becomes as real as the thing	A short reflection: the suggestion of the thing is the thing, and saying you once owned a Triumph sports car is as meaningless, and as real, as owning one.
83	The World	British empire versus American empire: husband or baby daddy	The narrator compares empires: Britain treated colonies as brides and left bitter ex wives, while America is the world’s baby daddy, not its husband.
84	Mutates	How powerful influence changes a culture without being seen	The narrator explains why real influence goes unnoticed: it rewrites institutional memory, so you must log and audit a system before the influence begins.
85	The Sea is	Crewing a sailboat from Acapulco to Marina del Rey	A city dweller who grew up diving in Hawaii recalls crewing a working sailboat for months from Acapulco to Marina del Rey with W and one other man.
86	She Seems	Lessons from the sea: gentle on the surface, life or death	Sailing teaches hard lessons: the sea protects fools and drunks, but push past your limits and you will be hurt; she seems gentle, yet it is life or death.
87	Spotting	Target acquisition: how trained eyes spot distant movement	In training the narrator learned that to defend a perimeter you stare at nothing in particular, so the slightest movement breaks the pattern and draws the eye.
88	Silent	Silent movement training: moving through a forest unheard	The narrator recalls silent movement drills in BDUs and jungle boots, jumping in place to find rattling gear, then avoiding the enemy’s pattern recognition.
89	Kung Fu	Blindfolded stalking drills straight out of a kung fu movie	The narrator describes training where a blindfolded team leader dared cadets to sneak past: crouched, loose limbed, toeing forward like in a minefield.
90	Taking	Walking home alone at night with your guard up and alert	Walking home late, the narrator stays alert to anyone closing in, and explains how he double backs, ducks into alleys or follows a follower.
91	Cuckoo	When your own story sounds insane when you say it out loud	A one line entry in which the narrator admits that everything he has been describing about spies, patterns and the plan sounds insane to say out loud.
92	The Painter	Why a painter at an easel has the perfect cover for a spy	W says if you are going to stare you need an excuse, and a painter on Capitol Hill has the best one: hours at an easel watching anything or anyone.
94	Phony	How to spot a watcher pretending to read in a coffee shop	A man at Starbucks checks out interns from behind small shades and a French magazine; the narrator’s lesson is simple: never turn your head.
95	If You	Seduction, propaganda and why people prefer a pleasant lie	Quoting his fairy godmother, the narrator says nothing is as frightening as a panicked public, and like seduction, influence works best when it feels good.
96	Dirty Hippy	Why so many backpackers are jailed abroad as spies	The narrator argues that tourists and backpackers get harassed by foreign powers because spies really do dress like them to avoid detection.
97	A Backpack	Why spies dress like tourists and backpackers abroad	Operatives dress like eco tourists and backpackers for practical reasons: jungle boots, day packs and guidebooks, and tourists now outfit like soldiers.
98	Joe Average	The real spy is the dull, average man sitting next to you	Unlike Hollywood spies, the real field officer is Joe Average: average height and weight, dark hair, unnoticed on the metro, and highly trained.
99	All The Operators	Real operators are average height, not action heroes	The tall narrator notes that his friends known to be trained killers are of average build, the kind who share jeans, yet can carry or beat him easily.
100	Bar Spies	How to spot a spy: watch him at the bar after a few drinks	The narrator’s theory of bar spies: an average looking man who drinks without fear and is very popular with women, without obvious wealth, may be a spy.
101	Pecking	The pecking order among cops, soldiers, spies and mercs	Cops dislike private eyes, soldiers hate mercenaries, and government spies resent private intelligence firms, a rivalry of duty against cash.
102	The Motivation	Why so many spies grew up wanting to be James Bond	The narrator claims nearly every American intelligence officer keeps a shelf of spy novels at home, and that every one wanted to be James Bond growing up.
103	We Both	Two friends competing to become James Bond since college	The narrator and his best friend W have competed since college to gain the most James Bond skills, from languages to guerrilla warfare training.
104	Cover	Cover, concealment and camouflage: the art of hiding secrets	The narrator argues that camouflage, hiding in plain sight, is underrated, because the mind cannot search for what it does not recognize as a pattern.
105	Hiding in Plain Sight	Camouflage, moles and the hidden secrets of Freemasonry	Why not hide everything with camouflage? Because spycraft is built to find patterns, yet hiding in plain sight, as in Freemasonry, is still most secure.
106	The Most Important Skill in Hunting	The most important skill in hunting: waiting for the shot	After the rifle, the guide, the training and the license, the narrator says a hunt is nothing without the patience to wait for the perfect, clear kill.
107	The Most Important Skill for	The most important skill for a sniper is patience to wait	After the rifle, the camouflage, the training and the drop zone, a sniper’s mission is nothing without the patience to wait for the perfect, clear kill.
108	The Most Important Skill in Spying	The most important skill for a mole in place is patience	After the clearance, cover and reputation, a mole is nothing without the patience to wait for the perfect opportunity, which knocks only once.
109	Cap Hill	The Capitol Hill uniform: khakis, blue blazer, penny loafers	The narrator describes Washington camouflage: khakis, a blue button down, penny loafers and a blue blazer, whether from the Gap or from Brooks Brothers.
110	All This	Why keep writing about all of this? A moment of doubt	A one sentence entry in which the narrator admits he doesn’t really know why he keeps going on and on about spies, patterns and all of this stuff.
111	Don	Don’t I know you? The question every deep cover agent fears	Every deep cover operative fears being recognized from a previous life; the Soviets raised moles from the cradle, while the West recruits mid career.
112	Be Discreet	Be discreet in all things: Wellington on staying unnoticed	Quoting the Duke of Wellington, the narrator argues that if it seems impossible you hold anything valuable, you are safe; mystery gets a mole killed.
113	The Panopticon	Old women as informers: the babushkas of the Soviet Union	The narrator notes that babushkas made the best informers in the Soviet Union, because the old, the fat and the ugly are invisible yet everywhere.
114	Technology is	Spy technology runs thirty years ahead of what we see	Spy satellites read license plates in the 1970s, the narrator argues, so keeping secrets today is less about better locks than leaving no target at all.
115	Pyrite	Choosing the true cup: the art of telling real from fake	Like Indiana Jones choosing the true grail among a hundred poisoned cups, the narrator says recognizing the real message among the false is a rare art.
116	Doctors Have	Why doctors make ideal spy recruits through extortion	The narrator argues doctors are the best recruits in spycraft: rich, time poor, compartmentalized, and vulnerable to extortion over private indiscretions.
117	Infinite	Talked down from a panic attack: nothing there there, yet	A man tells the hyperventilating narrator to stop struggling: nobody will know unless he tells, he hasn’t done anything yet, and his mind is looping.
118	Breathing Into	A panic attack, a brown paper bag, and a cruel warning	During a panic attack the narrator breathes into an onion scented paper sack while a calm, cruel acquaintance tells him it is a really bad sign.
119	Wet Pillow	Waking in dread from a dream that leaves a wet pillow	The narrator wakes with sweaty hair and a wet pillow from a dream he can’t recall, and wonders if the dread behind his nerves is locked inside it.
120	Sousveillance	Sousveillance: watching the watchers in a crowd of strangers	The narrator feels he is observing the observers, spotting listening posts and surveillers in crowds, and asks if that makes him a sousveiller.
121	A Cigar	Always assume you’re being hustled by the simple man	A short rule of thumb: listen hard when someone opens with I’m just a simple man and I don’t know much, because you are probably being hustled.
122	Charm is	Charm is never incidental: follow the attention, not money	Charm costs time and energy, so watch who is spending it and on whom; following someone’s attention can reveal more than following their money.
123	Struggle or	Struggle or play dead: escaping when held underwater	From quicksand to being held underwater, the narrator advises against struggling: going limp saves strength and may create one chance to escape.
124	The Wives	Affairs as control: secret lovers and a life of obligation	When he feels he has lost control, the narrator seeks lovers, and describes how keeping his own secrets makes him feel like his own master again.
125	Star	The star nosed mole and why it appears in the banner	The narrator explains why he identifies with the star nosed mole, Condylura cristata, quoting a field description of its habitat, star nose and habits.
126	Olly Olly	Moles who wait a lifetime for a call that never comes	Moles spend their lives waiting for the other shoe to drop, often forgetting what they are, with one handler, no paper trail, and no one to believe them.
127	The Mata Hari	The Mata Hari syndrome: sex as an intelligence vulnerability	Analysts must report time spent with foreign nationals, but hookups, escorts and affairs go unreported, a gap that has long been a boon to spycraft.
128	Open Season	Spying on your spouse: why everyone has already done it	Halfway through his thirties, the narrator notes that people in love snoop on each other constantly, from rifling through bags to reading private messages.
129	Serendipity	A life so full of coincidence it seems manufactured	The narrator says his life is full of serendipity and coincidence that he no longer believes are accidental, which is why it sounds so implausible.
130	Little Kids	Langley kids who grew up knowing not to talk about the CIA	A friend raised in McLean, Virginia, near CIA headquarters, recalls that every kid knew whose dad was CIA and knew never to talk about it with anyone.
131	Secrets are	Despite Poe, secrets are kept successfully every day	Despite what Poe said about guilty conscience, the narrator notes, families keep skeletons in their closets for generations without any oath.
132	The iPod	The iPod as a listening device in the age of camera phones	In 2006, the narrator considers how camera phones, BlackBerrys and video iPods could capture intelligence or be rewired to hide bugs and GPS.
133	The Best	Why the best spy is an introvert, like a method actor	The narrator compares spycraft to acting: both need deep, unbroken character work, and the best performers, like the best spies, are quiet introverts.
134	Toppling	Toppling governments and souls with the seven deadly sins	The narrator argues the surest way to destroy a person or government is through the seven deadly sins, and offers a short refresher on each of the seven.
135	Good Things	Why patience beats action: good things come to the patient	After years of fighting, the narrator values patience: timing, good intelligence and a plan B, because you cannot be ambushed if you are not there.
136	Making Sausage	Domestic intelligence in America has always existed	The narrator argues that the American government has always watched its citizens, quietly, to avoid blowback, while officially denying that it does.
137	Constant	Constant war and fear: Orwell on endless war and safety	Quoting Orwell, the narrator argues that continuous war, crime or terror breeds the fear and insecurity that lead people to give up privacy.
138	Pre	Washington before 9/11 security: a courier racing the clock	As a DC bike courier before the Internet, the narrator raced lawyers’ filings to official time stamp machines across a city that was still wide open.
139	Capitol Hill	When Capitol Hill was open: a bike courier before 9/11	A DC courier recalls moving freely between the Capitol and the Senate and House office buildings, grabbing lunch in the Capitol cafeteria in summer.
140	It Takes Two to Be	It takes two to keep an affair or one night stand discreet	The narrator advises that a secret affair is never secret if either partner brags or confides, and that infidelity makes you a liar and a target.
141	It Takes Two to Keep	Why cheating is so hard to keep secret under scrutiny	Cheating means hiding from someone who knows you well, and once you are under scrutiny, human nature makes keeping the story straight nearly impossible.
142	How to Cheat	How to cheat on a spouse: a spy’s rules of total discretion	Written in a spy’s voice, the narrator lists the conditions for an affair to stay secret, warning that the weakest link is always the lover.
143	Stay Home	Why covert operatives should stay home on New Year’s Eve	Drink and sentiment on New Year’s Eve can push a hardened operative to confess his double life to someone he loves, which can get him killed.
146	When Business	Where business intelligence and spycraft meet in PR	The narrator, who runs a virtual PR firm, explains how online intelligence and operations work can sound like spycraft in a city full of spies.
147	Public Relations	Public relations as Newspeak for propaganda: Edward Bernays	The narrator traces how propaganda became a dirty word after World War Two and was replaced by public relations, a term popularized by Edward Bernays.
148	Upon Moving	Moving from Washington to Berlin after things fell apart	Feeling cornered in Washington, the narrator sublets an apartment in Berlin arranged by his friend W, and finds himself beholden to him for it.
150	How well	How well do you really know someone? Trust and perception	Most of what we know about people comes from what we are told and partly from experience, the narrator notes, and our minds fill in the rest.
151	Making a Spy	Why spies are hard to make in poor, multicultural Berlin	Berlin’s diversity and unemployment make it hard to spot patterns, the narrator argues, unlike routine bound Washington, where everyone is easy to read.
152	Spies are Everywhere	How many spies are there in America? More than you think	Counting FBI agents, CIA officers and others in the DIA, NSA, NRO and JSOC, the narrator estimates there may be fifty thousand operators in America.
153	Spies Can Be	Real spies are more couch potato than daring action hero	The narrator notes that most spy work is sedentary, so agents now train like amateur athletes, trading cigars and scotch for marathons and races.
154	Hapless Fools	Beware the simple man: why being underestimated is power	The biggest advantage anyone can have is being underestimated, the narrator warns, so beware the modest man who says he is simple, especially in politics.
155	Wearing Down	How covert operators wear down: the psyche as weakest link	No matter how complete the training, the narrator argues, the psyche is the weakest link in covert work, and testing a person’s mettle is an art.
156	Your Spy is	Why gifted, isolated students make the best hidden spies	The narrator argues that bright students who felt isolated and rejected make the best spies by accident, ripe for service and almost impossible to spot.
157	Bribery	Bribery, blackmail and coercion: secrets make you a target	If you would be ashamed for family to learn something, the narrator warns, you can be blackmailed, which is why security clearances focus on lies.
162	Even Spies	How spies are really recruited: online applications, tests	Unlike the movies, the narrator says, spies apply online, take tests at home, then wait in rooms near Dulles after leaving their phones in the car.
164	You’ve got	Panic, propaganda and friends losing their minds in 2017	The narrator watches smart friends lose their composure over media reports and tweets, as vulnerable to propaganda as audiences were in the 1980s.
165	And ye shall	Flying to Kathmandu during Desert Storm on a bargain charter	The narrator recalls flying over the Soviet Union to Kathmandu on a cheap charter in the first days of Desert Storm, past fields of dead aircraft.
166	Loneliness	Loneliness kills middle aged men as surely as heart disease	The narrator reflects on how loneliness harms middle aged men even within families, and how friendship takes only modest effort and proximity.
167	I don	Sharpshooting and eyesight: why great shooters wear glasses	The narrator notes that many of the best shooters he knows wear thick glasses, and describes his own pistol focus on the front sight, not the target.
168	False Name	How intelligence agencies assign false names to field agents	The narrator says the CIA assigns aliases that agents keep for life, while defense intelligence lets operatives choose their own names and stories.
169	Little Grey	The perfect spy looks average: height, build and IQ	An ideal field operative, the narrator says, is average in height, weight and looks, bright but forgettable, with a natural cloak of invisibility.
174	It	Am I anyone of note? Wondering if I was ever recruited	After years of hints, the narrator wonders if he was ever tapped or kept on reserve, though he has no handler, no number stations and no evidence.
175	Police have	Police use of force: why officers shoot center mass	The narrator argues that American police are trained to fire into center mass until a threat is neutralized, never to wing or wound a suspect.
176	A double	A concealed carry permit as a conditional license to kill	The narrator describes his Virginia concealed carry permit and training, arguing that it amounts in practice to a conditional double O license to kill.
177	You will be	Concealed carry discretion and the problem of printing	The narrator’s instructor stressed that a carry permit is a promise of total discretion, and explained printing, when a gun shows through clothes.
178	Nobody really	Which holsters concealed carriers really use, and why	Few people use shoulder holsters like on Miami Vice, the narrator notes; most choose inside the waistband holsters made of leather or Kydex.
179	It	When you may legally draw a firearm in self defense	The narrator explains what his instructor taught: never brandish or threaten, but drawing and firing is allowed if you truly fear for your life.
180	As many shots	As many shots as required but not one more in self defense	The narrator relays what concealed carry training teaches: shoot only center mass, keep firing until the threat has stopped, then stop at once.
181	I	The 21 foot rule and when a carrier may legally shoot	The narrator describes the 21 foot rule from his carry training and the situations, from muggings to assaults, where lethal force may be legal.
182	If you shoot	If you shoot someone, kill them: carry culture advice online	The narrator reports what online carry forums teach about center mass and lawsuits, and argues the real goal is stopping an attack, not killing.
183	It really	Why a head shot is legally indefensible in self defense	The narrator’s instructor taught center mass because a head shot or finishing shot looks like an execution and can turn self defense into murder.
184	Never to	Never telegraph that you are carrying a concealed firearm	Concealed carry trainers teach never to warn an attacker you are armed, the narrator writes, because an attacker who knows may take the gun away.
185	Someone with	Fire superiority: why hesitating with a pistol is dangerous	A drawn pistol gives only a moment of fire superiority, the narrator writes, and fear, indecision or hesitation can let an attacker take it away.
186	Never video	Why lawyers say never film yourself defending your home	Online gun lawyers advise against filming a home defense shooting, the narrator writes, because the footage can look premeditated to a jury in court.
187	50 is when	Fifty and still waiting: aging out of a life of adventure	Past fifty, the narrator reflects that once in you are never really out, as long as you are useful, and wonders if he is still useful at all.
188	The Smith	The Smith Mundt Act and domestic propaganda in America	The narrator argues that the 2012 Smith Mundt Modernization Act gutted a law against government propaganda aimed at Americans, with big consequences.
189	False equivalence is a	False equivalence: a logical fallacy or a rhetorical weapon?	The narrator looks at the definition of false equivalence and asks who owns the phrase, and whether it is used to shut down fair comparisons.
190	When people	Apples to apples: when false equivalence isn’t false	The narrator argues that most charges of false equivalence compare varieties of the same thing, like two kinds of apples, not apples to oranges.
191	So don	Revealing true colors: true believers versus rhetoricians	Using a line from The Princess Bride, the narrator asks whether people who cry false equivalence are true believers or skilled debaters using a phrase.
192	Godwin	Godwin’s rule of Trump analogies and conversation enders	The narrator examines comments meant to end debate in one blow, such as comparisons to Hitler and whataboutism, and why they are so very common.
193	I am an oddball	Raised on Carl Sagan and God: an oddball’s worldview	The narrator describes growing up in Hawaii loving science, Cosmos and Einstein while believing in God, with no conflict between the two worlds.
194	Shame and	Why shaming people only drives their views underground	The narrator argues that shame and humiliation never win hearts and minds; they only push beliefs out of sight, where they keep growing quietly.
195	The shy Trump	The shy Trump factor and hidden voters in the 2020 election	Writing in 2020, the narrator compares the shy Tory factor in British polling to hidden Trump voters, predicting they would sway the election.
196	Trump is a	Was Trump really an authoritarian autocrat? A 2020 view	Writing before the 2020 election, the narrator argues that predictions of a Trump dictatorship had not come true and could backfire on Democrats.
197	Blowback	Blowback: the unintended consequences of doing good	The narrator takes the intelligence term blowback and applies it to progress, development and good intentions, where every change has a cost.
198	Manufacture	Manufacture of consent defined: Lippmann, Chomsky, Gramsci	The narrator collects definitions of manufacturing consent, from Walter Lippmann in 1922 to Herman and Chomsky’s propaganda model and Gramsci.
199	West coast	West coast wildfires and the idea of climate ecoterrorism	The narrator speculates about extreme climate activists willing to cause harm now to prevent catastrophe later, framed as a provocative theory.
200	COVID testing or	COVID testing centers or distribution centers? Two theories	The narrator questions why people were urged to visit testing centers while told to stay home, and introduces two theories, one rational, one not.
201	A rational	A rational theory: COVID testing sites and contamination	The narrator offers a theory that COVID testing centers, despite precautions, could have spread infection the way any weak link in a chain can fail.
202	Conspiracy	A conspiracy theory about COVID testing swabs, as labeled	The narrator lays out an openly labeled conspiracy theory asking whether early testing swabs could have spread the virus faster than nature would.
204	Trump	Trump’s atrocities that never came: a skeptic’s argument	The narrator argues that feared Trump atrocities never happened and that the outrage was used to stir up 1960s style fervor among Americans.
205	J	Afraid nobody is talking about you behind your back	The narrator jokes that he is terrified people are not mocking him behind his back, quoting Oscar Wilde: worse than being talked about is not.
206	The Burble	Woken by distant Washington fireworks and fearing the worst	Asleep five miles away, the narrator is woken by muffled Fourth of July fireworks in Washington and briefly fears something in his apartment is failing.
207	President of	President of half the country: Biden, Trump and doubt	After Biden won, the narrator notes that half the country doubted it, just as the other half said not my president about Trump and Bush before.
208	Othering	Othering: definition of a social and psychological process	A short definition of othering, the process of attributing negative traits to other people or groups to set them apart as the opposite of us.
209	The Double	The double standard: definition and a feminist critique	A short look at double standards, applying different principles to the same situation, including Margrit Eichler’s critique of social science.
210	μετάνοια	Metanoia: the Greek word for a change of heart and mind	A short definition of metanoia, the Greek μετάνοια, meaning after thought or beyond thought, a transformative change of heart or spiritual conversion.
211	How Atrocious	How bad was January 6th really? A skeptic’s question	The narrator suggests the list of January 6th atrocities kept growing, and wonders if PR firms were testing how much the public would accept.
212	Censorship	Censoring the president: precedent and blowback in 2021	After Trump was banned from social media, the narrator warns that every tool used to silence him is now precedent that can be used on anyone.
213	Molehill	Making a mountain out of a molehill: meaning and use	A short definition of the phrase making a mountain out of a molehill: turning a small, unimportant issue into a big problem, or overreacting.
214	Traumatization	After four years of Trump, can anyone still be shocked?	A short sardonic entry: after four years, the narrator says, no one should have any capacity for trauma left, since nobody ended up in a gulag.
215	Is right wing	Right wing radicalization: recruitment or seduction?	The narrator argues that young people drift right less through recruiting than through exposure, because subversive messages feel cooler than lectures.
216	How about this	A baseless novel idea: the coronavirus as a perfect crime	The narrator sketches a premise for a novel, a deliberately baseless theory in which America releases a virus and blames China, a perfect crime.
217	Our secrets	Our secrets are our sickness: live as if always watched	Quoting Sartre, the narrator says privacy only exists if no one cares, so live as if spied upon, because spies use secrets as leverage against you.
218	Killing Fox	Should Fox News be boycotted out of existence? Optics matter	The narrator distinguishes between Fox News failing in the market and being forced out, warning that the second path could make it a martyr.
219	Can one spend	Can money undo systemic racism without public will?	The narrator asks whether spending can end systemic racism when the will exists only among believers, and whether pressure could deepen resistance.
220	With no	With no evidence: election fraud claims and the big lie	The narrator examines why journalists repeat with no evidence about election fraud claims, quoting Goebbels on the big lie, and a Shaggy song.
221	Can you dismantle	Reparations or programs: how to address systemic racism	The narrator argues that if America funds racial justice, direct reparations to descendants of slavery respect people more than paternalistic programs.
222	Should America	Should America open its borders like the European Union?	The narrator argues the EU is not open borders at all: it is a gated community with strict rules, and few countries to the south could meet them.
223	Nobody at all	Riots and appeasement: officials waiting out the storm	Soldiers admit their job is killing, the narrator writes, and officials treat riots and protests the same way: wait until the energy fades and goes.
224	Nobody gets	Traffic stops and police shootings: what escalates them	The narrator argues that people are not shot over broken taillights but over what happens after the stop: evasion, defiance and escalation by the driver.
225	Going to war	Going to war to save Afghan women: twenty years later	The narrator argues that twenty years of war left Afghan widows, orphans and women suffering most, especially those branded American sympathizers.
226	Ceci	Ceci n’est pas une pipe: was January 6th an insurrection?	The narrator explains why he doubts January 6th was an insurrection, noting there were no guns, and how that view isolated him among his friends.
227	Don	Don’t approach a panicking person head on: a diver’s lesson	As a PADI divemaster, the narrator learned never to approach a panicking diver face on, a lesson he wishes he had applied to his own politics.
228	When a coup	Was January 6th a real coup or political theater instead?	The narrator asks whether January 6th was a coup or high theater, arguing a coup by the most armed group in America would have involved guns.
229	Germans made	Germans made Hitler, Americans make Trump: leaders as signs	The narrator argues that strongmen like Hitler or Trump are symptoms of mass feeling, filling a gap that a public creates, not the cause of it.
230	Is anti	Is antiracism also anti assimilation? An open question	The narrator calls antiracism a necessary step for America, then asks whether it also rejects assimilation into a single shared American culture.
231	If anti	If antiracism rejects default culture, what replaces it?	A short follow up asking what is embraced instead if antiracism rejects the dominant culture, since that culture still governs school and work.
232	Whatever happened	Whatever happened to code switching between cultures?	The narrator recalls when code switching, speaking the dominant culture while keeping your own, was encouraged, and asks where that idea went.
233	Raising a	Why people fly Trump flags: defiance and signifiers	The narrator argues that Trump flags are now chosen to provoke, a signifier like other defiant flags, more than a statement about Trump himself.
234	Trump is just	Trump as a harbinger of worse political conflict to come	The narrator predicts deeper conflict whether or not Trump stays, calling him a warning of what is still coming rather than the doom itself.
235	Useful idiots	Useful idiots: meaning, Cold War origin and Lenin myth	A useful idiot is someone who promotes a cause without grasping its goals; the narrator traces the Cold War term and the false Lenin attribution.
237	The only	The only reason to work offworld: money for family back home	The narrator predicts space work will be like oil rigs or submarines, done for money or science, not out of any dream of colonizing the stars.
238	January 6th	January 6th as an American Reichstag fire: a skeptic’s view	The narrator argues that January 6th was a weak Reichstag fire, with selfies instead of guns, and questions claims about how many people died.
239	History is	All history is subjective and written with a purpose in mind	The narrator argues that all history is edited and written with a goal, to unite or divide a people, like the Council of Nicaea shaping a record.
240	Folks know	Gun ownership, homicide statistics and defunding the police	The narrator asks what gun death statistics include and argues gun owners know guns are for defense, so talk of defunding police sells more guns.
241	Loutish	Berlin’s soccer hooligans and the myth of refined Germans	After a year in Berlin, the narrator meets loutish suburban German soccer fans singing shanties on the trains, far from the cultured Germans he imagined.
242	Aegrescit	Aegrescit medendo: when the cure is worse than the disease	An Army officer friend says Vietnam and Afghanistan were winnable only through atrocities, and the narrator applies Virgil’s line to street crime.
243	It	Why COVID made it a terrible time to be a climate activist	The narrator argues that the threat of dying from COVID now makes dying from climate change later a hard sell, in a country that fails marshmallow tests.
244	Stop using	Stop using Afghan women and girls as political props	The narrator notes that the welfare of Afghan women became a talking point only at withdrawal, and suspects it is being used as a political gambit.
245	Are you actually	Are you really for free speech if you would punch Nazis?	The narrator argues that supporting free speech means defending speech you hate, and that putting justice above free speech should be admitted openly.
246	Germany is	Germany between fascism and antifascism: a Berlin view	Drawing on his years in Berlin, the narrator argues that the same German trust in rules that enabled fascism now drives its fierce antifascism.
247	Nazis and	Nazis and the woke left need each other, a relativist argues	The narrator argues the woke left and Nazis feed on each other, and that to him any tyrant of any race or ideology can rightly be called a Nazi.
248	D	Déjà Afghanistan: Kipling’s warning about Afghan wars	A short entry quoting Rudyard Kipling’s lines about a wounded soldier left on Afghanistan’s plains, offered as a comment on the American withdrawal.
249	Graveyard	Afghanistan, the graveyard of empires, and why invaders lose	The narrator argues America invaded Afghanistan for revenge after 9/11, and Afghans endure every invader by adapting and simply waiting them out.
250	Train thy	Training Afghan soldiers who may fight the next invader	The narrator suggests the 300,000 Afghan soldiers America trained were mostly learning to fight the next superpower that invades their country.
251	NPR Warhawks	NPR and the liberal media sound pro war on Afghanistan	A short entry in which the narrator is gobsmacked to hear NPR correspondents sound strongly in favor of staying at war in Afghanistan in 2021.
252	Darkness	Darkness will engulf the world: fear as a political tool	A short entry suggesting that for ten years leaders have used natural threats to convince people they are to blame and only experts can save them.
253	How will the	How will the Taliban fly the Black Hawks left behind?	The narrator answers that Afghan pilots trained by the US military, hired contractors, or Pakistani allies could fly the aircraft left behind.
254	Look at how	Afghan women, outrage, and why bombing didn’t change culture	The narrator shares the outrage over Afghan women’s treatment but argues drones and occupation could never change a fundamentalist culture there.
255	Still Saving	Afghanistan as a modern conquest: still saving pagan babies	The narrator compares the American occupation of Afghanistan to Spanish conquistadors, saving souls and civilizing natives by force of arms.
256	America could	Could America have won in Afghanistan? At what moral cost?	The narrator argues America lost because winning would have required atrocities it had no will to commit, and because it never truly moved in.
257	Biden blames	Did Trump’s Taliban deal keep Marines alive? A question	The narrator is confused by blaming Trump for a deal that he says protected servicemen, after thirteen died in the Kabul airport bombing in 2021.
258	To Tell	To tell the Afghanistan truth: who is the real Afghanistan?	Like the game show To Tell the Truth, the narrator asks which Afghanistan is real: tribes, city intellectuals, the government, or the Taliban.
259	Donald Trump was	Was Trump really like Hitler? Weighing rhetoric against acts	The narrator argues that despite comparisons to Hitler, Trump’s term brought no death camps or pogroms, only protest, and calls the comparison weak.
260	Red, blue	How little red America thinks about identity politics	A one sentence entry: if blue America knew how little red America thinks about race and identity, it would be amazed, insulted and appalled.
261	Did America	Did the evacuation brain drain Afghanistan of its liberals?	The narrator asks whether evacuating pro democracy Afghans left the country without its educated reformers, leaving only fundamentalists behind.
262	Too early	Too early to be grateful: loss after twenty years of war	The narrator reflects that gratitude is hard when everything built is taken away, whether by war, disaster or the loss of someone that you love.
263	Dear illogical	Will leaving Afghanistan make terror attacks less likely?	The narrator argues that militants may be less likely to attack America once the occupation ends, since drone strikes and bombs feed terrorism.
264	Repent	Repent, sinner: 9/11, January 6th and turning the war inward	After hearing 9/11 compared to January 6th on NPR, the narrator predicts America will turn its war on terror inward against its own rural people.
265	Authoritarianism	Authoritarianism for public safety is still authoritarianism	A thought experiment: safety is the perfect justification for authoritarian rule, since nobody wants to argue against protecting widows and orphans.
266	Nobody cares	Does anyone care about climate change enough to sacrifice?	The narrator doubts people will make wartime sacrifices for climate, giving up travel, meat and cars, especially when the rich ignore the rules.
267	When	When calling someone a Nazi no longer works as an insult	The narrator notes that insults like Nazi or white supremacist no longer shame the right, and asks what comes next when insults become badges.
268	Nowhere to	Nowhere to hide: public venom from 2016 to 2021 comes back	The narrator warns that all the public vitriol of 2016 to 2021 will be found and used against people, citing a judicial confirmation hearing.
269	Yelling fire	Yelling fire in a crowded theater: free speech and the law	The narrator argues the familiar fire in a theater line misreads the law: rights don’t excuse crimes, but speech is not banned in advance either.
270	Friends feeding	Watching brilliant friends join online mob feeding frenzies	The narrator describes watching some of his smartest friends get swept up in mob mentality, and finds it fascinating, troubling and maddening.
271	Ivermectin	Ivermectin is not just a horse dewormer: on trust in experts	Without endorsing it for COVID, the narrator argues that experts who called ivermectin only a horse dewormer lost public trust by saying so.
272	Don	Facebook’s 2018 algorithm change and fears of radicalization	The narrator asks if Facebook’s 2018 change toward friends’ posts was later called radicalization because people could no longer be filtered.
273	It	Rising meat and fuel prices: market forces or a nudge?	The narrator sarcastically questions whether rising meat and fuel prices are pure market forces or a nudge toward plants and away from fossil fuels.
274	The Press	Legacy media versus social media: a fight over the narrative	The narrator argues that print, radio and television are trying to protect their dominance by pushing to censor social media and online platforms.
275	The progressive	The progressive pendulum swings right after 2020 protests	The narrator predicts a conservative backlash after the 2020 protests and riots, with more policing and law and order voters, not defunding.
276	Eat me	Is there life in the universe? Just look in the mirror	The narrator answers the Drake equation with a joke: we are proof of life in the universe, and to believe anything else is just earthling supremacy.
277	The hill	Vaccine mandates as the hill some Americans will die on	The narrator once expected gun confiscation to spark civil conflict in America, but now thinks vaccine mandates may be the true breaking point.
278	A lifetime	Elite contempt for rural Americans comes back at elections	Any time an elite calls ordinary Americans rubes, the narrator warns, opposition researchers will find it and it will cost votes at election time.
279	Critical race	Critical race theory and the K through 12 school debate	The narrator argues that saying Virginia schools don’t teach critical race theory sounds evasive, since CRT is a lens that shapes how history is taught.
280	Gun v fist	Using a gun against fists: self defense law in America	The narrator explains that most American states do not require proportional force, so a gun may legally be used against an attacker using fists.
281	Dear activists	Dear activists: your vision of the future isn’t everyone’s	The narrator warns that constant accusations of bigotry may one day make people embrace those labels, and wonders if that has been the goal.
282	Justifiable	Justifiable homicide: the legal definition of self defense	The narrator quotes a legal definition of justifiable homicide: killing in reasonable fear of death or great bodily harm, or to stop a violent felony.
283	Redeeming	How phone video redeems and damns both sides of a fight	The narrator argues that ubiquitous phone video cuts both ways: it proves what happened, redeeming everyone’s heroes and damning everyone’s enemies.
284	The state of	The state of American vigilantism in film, TV and games	The narrator suggests Americans may not be against vigilantes at all, after a lifetime of films, books and video games that celebrate them as heroes.
285	Nerds are	Nerds are never really cool, even as elected leaders	The narrator compares politics to high school, where student government and grades never brought real power, and nerds grow heavy handed when ignored.
286	Noble lie	The noble lie: Plato’s myth for keeping social harmony	A short definition of the noble lie, a myth knowingly spread by an elite to keep social harmony or advance an agenda, from Plato’s Republic.
287	The Trauma	The trauma wars in an immigrant nation built on suffering	The narrator argues that in America every family carries stories of trauma, which is why so many came, making a contest of suffering hard to win.
288	Everything dies	COVID deaths in perspective: how many Americans die daily	The narrator puts 1,500 COVID deaths in one day beside the roughly 7,000 Americans who die every day of every year, for perspective and proportion.
289	Actual weapons	Are secret weapons really thirty years ahead? A 1986 story	The narrator assumes real weapons run thirty years ahead, recalling an uncle at TRW who showed him particle beam weapon material back in 1986.
290	How climate	How climate mitigation will really happen: a grim forecast	The narrator predicts humans will do as little as possible about climate change, and that a slow population collapse will hit the poorest hardest.
291	The Hague	The Hague: why war crimes charges mean little to superpowers	The narrator argues that an International Criminal Court accusation is almost a badge of honor, since superpowers and their allies face no enforcement.
292	Booster	Is the US troop buildup in Eastern Europe a jobs program?	A one line entry asking whether the American military buildup in Central and Eastern Europe is mainly an economic stimulus, a works program.
293	Nikita	Putin, Russia and a revival of Cold War The Musical	A short satirical entry hoping Vladimir Putin is well paid for his role in a revival of Nikita Khrushchev’s Cold War, The Musical, since the first was a farce.
294	Embargoes	Embargoes and sanctions as a road to war with Russia	The narrator argues that sanctions on Russia echo the embargoes that pushed Japan toward Pearl Harbor, and that they can bait a country into war.
295	Wrong speech	Right speech, wrong speech and the authoritarian urge	The narrator satirizes the idea that wrong speech must be suppressed like a disease, comparing that urge to Stalinists, Maoists and the East German Stasi.
296	Maus	What Maus teaches about how every holocaust begins	The narrator says readers of Maus learn that every holocaust begins differently and subtly, led by people you trust, like a slowly heating pot.
297	Spotify	Spotify, Joe Rogan and the urge to boycott and remove	The narrator calls the boycott of Spotify over Joe Rogan mob mentality, and argues that anything labeled dangerous should be read and preserved.
298	Americans immune	Are Americans now immune to being called racists or Nazis?	The narrator worries that accusations of racism or Nazism have become so common that many Americans now shrug them off completely, which scares him.
299	Covid modalities	Two COVID camps in America that will never understand	The narrator sees two camps in America: those who think COVID is the worst thing in the world and those who don’t, each side mutually appalled.
300	Do I really	Is Russia really the bad actor? A dissenting view from 2022	The narrator argues that Russia has been encircled by Western bases since 2014, drawing on his trips over Russia in 1991 and to Saint Petersburg in 1996.
301	How fucked	Germany, Russian gas and Nord Stream before the Ukraine war	The narrator describes Germany’s bind: it dropped coal and nuclear power, became dependent on Russian gas, and now faces a war over Ukraine.
302	Not even one	No dirty bomb in 72 years: was the nuclear threat staged?	The narrator suggests that decades without a single nuclear attack or dirty bomb are suspicious, and that the threat may have been used for control.
303	I	Not an enemy of Russia or Putin: a contrarian view in 2022	The narrator argues Putin has been restrained and America has committed worse, and that Russia now holds Europe hostage through natural gas.
304	The slave	The slave would rise in rebellion: Callicles on natural law	A short entry quoting Callicles in Plato’s Gorgias on the strong man who throws off society’s laws and lets the light of natural justice shine.
305	Consensus	Consensus reality generators: TV, film and the news	Listening to an old Art Bell show, the narrator enjoys the idea that television, film, science fiction and news work as consensus reality generators.
306	These are	These are the buds of the socialist spring: Ukraine’s famine	A short entry quoting a passage about Ukraine’s famine, a dead mother and nursing infant at the Kharkiv market, and the bitter phrase people used.
307	Are we the	Are we the world? On war propaganda and liberal democracy	The narrator calls the wave of we are the world messaging about Ukraine uncritical propaganda, and says he is against war and democracy by force.
308	Vainglory	Vainglory: Putin, humiliation and the risk of nuclear war	The narrator argues Putin sees NATO expansion as a broken promise, lost the moral high ground by invading Ukraine, and that humiliating him risks escalation.
309	Slavs don	Russian or Ukrainian? Spot the source by missing articles	The narrator jokes that you can tell messaging from Ukraine or Russia because native speakers drop English articles, so follow the articles.
310	Killing	How the technology of killing has advanced since 1945	The narrator lists how far the technology of killing has come since 1945, from nuclear weapons and drones to smart bombs and targeted biologicals.
311	Dear Powers	Dear powers that be: censorship means you’ve lost trust	The narrator argues that relying on censorship, moderation and calling things misinformation shows leaders have lost the trust of their people.
312	Free speech isn	Free speech isn’t equitable speech: who decides who speaks?	The narrator argues that equitable speech means someone chooses whose voice is amplified and whose is suppressed, which is power, not equality.
313	Decriminalize	Decriminalize crime: a satirical fix for the justice system	In a satirical entry, the narrator proposes making illegal things legal so there will be fewer criminals and fewer people in jail, a glass half full view.
314	Ukraine brain	Ukraine and brainwashing: who is fooled, Russia or the West?	A short entry asking whether the Russian people, the European people, or the American people are the ones brainwashed about the war in Ukraine, or all of them.
315	Populist	Populist democracy versus constitutional republic in America	The narrator argues that the left treats America as a populist democracy while the right sees a constitutional republic where popular votes matter less.
316	Sacrifice	Sacrifice for the collective was never an American virtue	The narrator argues America has not prized sacrifice for the collective since the 1930s, not even in World War Two, favoring isolation and greed.
317	Chest seals	Chest seals in your go bag: who is preparing for conflict?	Reading about the Spanish Civil War, the narrator notes that the people he knows with chest seals in their go bags are all on the political right.
318	Disinformation	The Disinformation Governance Board: what does it mean?	The narrator asks whether the federal Disinformation Governance Board, not called counter disinformation, produces disinformation or reduces it.
319	Gun crimes	Why gun crime always drives gun sales up in America	The narrator notes that gun crime boosts gun sales and carry permits rather than bans, recalling stores sold out of Glock 19s after the Giffords shooting.
320	Twenty percent	Only twenty percent of Americans trust their government	The narrator notes that with 400 million guns and only one in five Americans trusting the government in 2020, America is playing a dangerous game.
321	Total	Total retribution: Republican politics as payback over guns	A short entry arguing that much Republican activism against Democrats is simply retribution for years of efforts to restrict guns and ammunition.
322	Ashli	Ashli Babbitt and the January 6th death toll narrative	The narrator asks why accounts said five people were killed at the Capitol when the only person shot was Ashli Babbitt, and what that says about belief.
323	America	America’s fragile democracy: whose plans are fragile?	The narrator argues that when people say democracy is fragile, they mean their own plans are, since democracy also elects people they oppose.
324	Fighting	Why mass shootings drive sales of high capacity rifles	The narrator applies Frank Luntz’s point that what people hear matters, arguing news about mass shootings makes people buy high capacity rifles.
